Downloaded from https://mol.org on Apr 28, 2017
Inclusive species list based on approximate spatial intersections with Global Administrative Areas v 2.8 polygon for the Greece region.
 

"Scientific Name","Common Name","Family","Taxonomic Group"
"Alectoris chukar","Chukar","Phasianidae","Birds"
"Tringa erythropus","Spotted Redshank","Scolopacidae","Birds"
"Emberiza citrinella","Yellowhammer","Emberizidae","Birds"
"Emberiza cia","Rock Bunting","Emberizidae","Birds"
"Emberiza schoeniclus","Reed Bunting","Emberizidae","Birds"
"Emberiza hortulana","Ortolan Bunting","Emberizidae","Birds"
"Emberiza caesia","Cretzschmar's Bunting","Emberizidae","Birds"
"Miliaria calandra","Corn Bunting","Emberizidae","Birds"
"Emberiza cirlus","Cirl Bunting","Emberizidae","Birds"
"Emberiza cineracea","Cinereous Bunting","Emberizidae","Birds"
"Emberiza melanocephala","Black-Headed Bunting","Emberizidae","Birds"
"Emberiza schoeniclus","Reed Bunting","Emberizidae","Birds"
"Serinus pusillus","Red-Fronted Serin","Fringillidae","Birds"
"Loxia curvirostra","Red Crossbill","Fringillidae","Birds"
"Carduelis cannabina","Linnet","Fringillidae","Birds"
"Coccothraustes coccothraustes","Hawfinch","Fringillidae","Birds"
"Serinus serinus","European Serin","Fringillidae","Birds"
"Carduelis chloris","European Greenfinch","Fringillidae","Birds"
"Carduelis carduelis","European Goldfinch","Fringillidae","Birds"
"Carduelis spinus","Eurasian Siskin","Fringillidae","Birds"
"Fringilla coelebs","Chaffinch","Fringillidae","Birds"
"Pyrrhula pyrrhula","Bullfinch","Fringillidae","Birds"
"Fringilla montifringilla","Brambling","Fringillidae","Birds"
"Prunella modularis","Dunnock","Prunellidae","Birds"
"Prunella collaris","Alpine Accentor","Prunellidae","Birds"
"Montifringilla nivalis","White-Winged Snowfinch","Passeridae","Birds"
"Passer hispaniolensis","Spanish Sparrow","Passeridae","Birds"
"Petronia petronia","Rock Sparrow","Passeridae","Birds"
"Passer domesticus","House Sparrow","Passeridae","Birds"
"Passer montanus","Eurasian Tree Sparrow","Passeridae","Birds"
"Cinclus cinclus","White-Throated Dipper","Cinclidae","Birds"
"Turdus philomelos","Song Thrush","Turdidae","Birds"
"Monticola saxatilis","Rufous-Tailed Rock Thrush","Turdidae","Birds"
"Turdus torquatus","Ring Ouzel","Turdidae","Birds"
"Turdus iliacus","Redwing","Turdidae","Birds"
"Turdus viscivorus","Mistle Thrush","Turdidae","Birds"
"Turdus pilaris","Fieldfare","Turdidae","Birds"
"Luscinia svecica","Bluethroat","Muscicapidae","Birds"
"Turdus merula","Blackbird","Turdidae","Birds"
"Sturnus roseus","Rosy Starling","Sturnidae","Birds"
"Sturnus vulgaris","Common Starling","Sturnidae","Birds"
"Certhia brachydactyla","Short-Toed Treecreeper","Certhiidae","Birds"
"Certhia familiaris","Eurasian Treecreeper","Certhiidae","Birds"
"Sitta europaea","Wood Nuthatch","Sittidae","Birds"
"Sitta neumayer","Western Rock-Nuthatch","Sittidae","Birds"
"Tichodroma muraria","Wallcreeper","Sittidae","Birds"
"Sitta krueperi","Krueper's Nuthatch","Sittidae","Birds"
"Motacilla flava","Yellow Wagtail","Motacillidae","Birds"
"Motacilla alba","White Wagtail","Motacillidae","Birds"
"Anthus spinoletta","Water Pipit","Motacillidae","Birds"
"Anthus trivialis","Tree Pipit","Motacillidae","Birds"
"Anthus campestris","Tawny Pipit","Motacillidae","Birds"
"Anthus cervinus","Red-Throated Pipit","Motacillidae","Birds"
"Anthus pratensis","Meadow Pipit","Motacillidae","Birds"
"Motacilla cinerea","Grey Wagtail","Motacillidae","Birds"
"Irania gutturalis","White-Throated Robin","Muscicapidae","Birds"
"Saxicola rubetra","Whinchat","Muscicapidae","Birds"
"Muscicapa striata","Spotted Flycatcher","Muscicapidae","Birds"
"Ficedula semitorquata","Semi-Collared Flycatcher","Muscicapidae","Birds"
"Erythropygia galactotes","Rufous-Tailed Scrub-Robin","Muscicapidae","Birds"
"Ficedula parva","Red-Breasted Flycatcher","Muscicapidae","Birds"
"Oenanthe oenanthe","Northern Wheatear","Muscicapidae","Birds"
"Oenanthe isabellina","Isabelline Wheatear","Muscicapidae","Birds"
"Oenanthe finschii","Finsch's Wheatear","Muscicapidae","Birds"
"Erithacus rubecula","European Robin","Muscicapidae","Birds"
"Saxicola torquatus","Common Stonechat","Muscicapidae","Birds"
"Phoenicurus phoenicurus","Common Redstart","Muscicapidae","Birds"
"Luscinia megarhynchos","Common Nightingale","Muscicapidae","Birds"
"Luscinia svecica","Bluethroat","Muscicapidae","Birds"
"Monticola solitarius","Blue Rock Thrush","Muscicapidae","Birds"
"Phoenicurus ochruros","Black Redstart","Muscicapidae","Birds"
"Oenanthe hispanica","Black-Eared Wheatear","Muscicapidae","Birds"
"Regulus regulus","Goldcrest","Regulidae","Birds"
"Regulus ignicapilla","Firecrest","Regulidae","Birds"
"Troglodytes troglodytes","Winter Wren","Troglodytidae","Birds"
"Phylloscopus inornatus","Yellow-Browed Warbler","Sylviidae","Birds"
"Phylloscopus sibilatrix","Wood Warbler","Sylviidae","Birds"
"Phylloscopus trochilus","Willow Warbler","Sylviidae","Birds"
"Sylvia communis","Whitethroat","Sylviidae","Birds"
"Sylvia cantillans","Subalpine Warbler","Sylviidae","Birds"
"Acrocephalus schoenobaenus","Sedge Warbler","Sylviidae","Birds"
"Locustella luscinioides","Savi's Warbler","Sylviidae","Birds"
"Sylvia melanocephala","Sardinian Warbler","Sylviidae","Birds"
"Sylvia rueppelli","Rüppell's Warbler","Sylviidae","Birds"
"Locustella fluviatilis","River Warbler","Sylviidae","Birds"
"Acrocephalus scirpaceus","Reed Warbler","Sylviidae","Birds"
"Sylvia hortensis","Orphean Warbler","Sylviidae","Birds"
"Hippolais olivetorum","Olive-Tree Warbler","Sylviidae","Birds"
"Hippolais pallida","Olivaceous Warbler","Sylviidae","Birds"
"Acrocephalus melanopogon","Moustached Warbler","Sylviidae","Birds"
"Acrocephalus palustris","Marsh Warbler","Sylviidae","Birds"
"Sylvia curruca","Lesser Whitethroat","Sylviidae","Birds"
"Acrocephalus arundinaceus","Great Reed Warbler","Sylviidae","Birds"
"Sylvia borin","Garden Warbler","Sylviidae","Birds"
"Phylloscopus orientalis","Eastern Bonelli's Warbler","Sylviidae","Birds"
"Phylloscopus collybita","Common Chiffchaff","Sylviidae","Birds"
"Cettia cetti","Cetti's Warbler","Sylviidae","Birds"
"Phylloscopus bonelli","Bonelli's Warbler","Sylviidae","Birds"
"Acrocephalus dumetorum","Blyth's Reed Warbler","Sylviidae","Birds"
"Sylvia atricapilla","Blackcap","Sylviidae","Birds"
"Panurus biarmicus","Bearded Tit","Sylviidae","Birds"
"Sylvia nisoria","Barred Warbler","Sylviidae","Birds"
"Cisticola juncidis","Zitting Cisticola","Cisticolidae","Birds"
"Lullula arborea","Wood Lark","Alaudidae","Birds"
"Alauda arvensis","Skylark","Alaudidae","Birds"
"Eremophila alpestris","Horned Lark","Alaudidae","Birds"
"Calandrella brachydactyla","Greater Short-Toed Lark","Alaudidae","Birds"
"Galerida cristata","Crested Lark","Alaudidae","Birds"
"Melanocorypha calandra","Calandra Lark","Alaudidae","Birds"
"Aegithalos caudatus","Long-Tailed Tit","Aegithalidae","Birds"
"Riparia riparia","Sand Martin","Hirundinidae","Birds"
"Hirundo daurica","Red-Rumped Swallow","Hirundinidae","Birds"
"Delichon urbicum","Northern House Martin","Hirundinidae","Birds"
"Hirundo rupestris","Crag Martin","Hirundinidae","Birds"
"Hirundo rustica","Barn Swallow","Hirundinidae","Birds"
"Remiz pendulinus","Eurasian Penduline Tit","Remizidae","Birds"
"Parus montanus","Willow Tit","Paridae","Birds"
"Parus leucomelas","White-Winged Black-Tit","Paridae","Birds"
"Parus lugubris","Sombre Tit","Paridae","Birds"
"Parus palustris","Marsh Tit","Paridae","Birds"
"Parus major","Great Tit","Paridae","Birds"
"Parus cristatus","Crested Tit","Paridae","Birds"
"Parus ater","Coal Tit","Paridae","Birds"
"Parus caeruleus","Blue Tit","Paridae","Birds"
"Pyrrhocorax graculus","Yellow-Billed Chough","Corvidae","Birds"
"Nucifraga caryocatactes","Spotted Nutcracker","Corvidae","Birds"
"Corvus frugilegus","Rook","Corvidae","Birds"
"Pyrrhocorax pyrrhocorax","Red-Billed Chough","Corvidae","Birds"
"Pica pica","Magpie","Corvidae","Birds"
"Garrulus glandarius","Jay","Corvidae","Birds"
"Corvus monedula","Eurasian Jackdaw","Corvidae","Birds"
"Corvus corax","Common Raven","Corvidae","Birds"
"Corvus corone","Carrion Crow","Corvidae","Birds"
"Oriolus oriolus","Eurasian Golden Oriole","Oriolidae","Birds"
"Lanius senator","Woodchat Shrike","Laniidae","Birds"
"Lanius collurio","Red-Backed Shrike","Laniidae","Birds"
"Lanius nubicus","Masked Shrike","Laniidae","Birds"
"Lanius schach","Long-Tailed Shrike","Laniidae","Birds"
"Lanius minor","Lesser Grey Shrike","Laniidae","Birds"
"Lanius excubitor","Great Grey Shrike","Laniidae","Birds"
"Dendrocopos leucotos","White-Backed Woodpecker","Picidae","Birds"
"Dendrocopos syriacus","Syrian Woodpecker","Picidae","Birds"
"Dendrocopos medius","Middle Spotted Woodpecker","Picidae","Birds"
"Dendrocopos minor","Lesser Spotted Woodpecker","Picidae","Birds"
"Picus canus","Grey-Faced Woodpecker","Picidae","Birds"
"Picus viridis","Green Woodpecker","Picidae","Birds"
"Dendrocopos major","Great Spotted Woodpecker","Picidae","Birds"
"Jynx torquilla","Eurasian Wryneck","Picidae","Birds"
"Picoides tridactylus","Eurasian Three-Toed Woodpecker","Picidae","Birds"
"Dryocopus martius","Black Woodpecker","Picidae","Birds"
"Upupa epops","Hoopoe","Upupidae","Birds"
"Merops apiaster","European Bee-Eater","Meropidae","Birds"
"Ceryle rudis","Pied Kingfisher","Alcedinidae","Birds"
"Alcedo atthis","Common Kingfisher","Alcedinidae","Birds"
"Coracias garrulus","European Roller","Coraciidae","Birds"
"Apus pallidus","Pallid Swift","Apodidae","Birds"
"Apus apus","Common Swift","Apodidae","Birds"
"Tachymarptis melba","Alpine Swift","Apodidae","Birds"
"Caprimulgus europaeus","European Nightjar","Caprimulgidae","Birds"
"Strix aluco","Tawny Owl","Strigidae","Birds"
"Asio flammeus","Short-Eared Owl","Strigidae","Birds"
"Asio otus","Long-Eared Owl","Strigidae","Birds"
"Athene noctua","Little Owl","Strigidae","Birds"
"Otus scops","Eurasian Scops Owl","Strigidae","Birds"
"Glaucidium passerinum","Eurasian Pygmy-Owl","Strigidae","Birds"
"Bubo bubo","Eurasian Eagle Owl","Strigidae","Birds"
"Aegolius funereus","Boreal Owl","Strigidae","Birds"
"Tyto alba","Barn Owl","Tytonidae","Birds"
"Clamator glandarius","Great Spotted Cuckoo","Cuculidae","Birds"
"Cuculus canorus","Common Cuckoo","Cuculidae","Birds"
"Columba oenas","Stock Dove","Columbidae","Birds"
"Columba livia","Rock Dove","Columbidae","Birds"
"Streptopelia turtur","European Turtle Dove","Columbidae","Birds"
"Columba palumbus","Common Wood Pigeon","Columbidae","Birds"
"Streptopelia decaocto","Collared Dove","Columbidae","Birds"
"Pinguinus impennis","Great Auk","Alcidae","Birds"
"Catharacta skua","Great Skua","Stercorariidae","Birds"
"Larus michahellis","Yellow Legged Gull","Laridae","Birds"
"Chlidonias hybrida","Whiskered Tern","Laridae","Birds"
"Larus genei","Slender-Billed Gull","Laridae","Birds"
"Sterna sandvicensis","Sandwich Tern","Laridae","Birds"
"Larus melanocephalus","Mediterranean Gull","Laridae","Birds"
"Sterna albifrons","Little Tern","Laridae","Birds"
"Larus minutus","Little Gull","Laridae","Birds"
"Larus fuscus","Lesser Black-Backed Gull","Laridae","Birds"
"Sterna nilotica","Gull-Billed Tern","Laridae","Birds"
"Sterna hirundo","Common Tern","Laridae","Birds"
"Larus canus","Common Gull","Laridae","Birds"
"Sterna caspia","Caspian Tern","Laridae","Birds"
"Larus cachinnans","Caspian Gull","Laridae","Birds"
"Chlidonias niger","Black Tern","Laridae","Birds"
"Larus ridibundus","Black-Headed Gull","Laridae","Birds"
"Larus audouinii","Audouin's Gull","Laridae","Birds"
"Glareola pratincola","Collared Pratincole","Glareolidae","Birds"
"Steganopus tricolor","Wilson's Phalarope","Scolopacidae","Birds"
"Calidris temminckii","Temminck's Stint","Scolopacidae","Birds"
"Tringa erythropus","Spotted Redshank","Scolopacidae","Birds"
"Numenius tenuirostris","Slender-Billed Curlew","Scolopacidae","Birds"
"Calidris alba","Sanderling","Scolopacidae","Birds"
"Calidris canutus","Red Knot","Scolopacidae","Birds"
"Calidris minuta","Little Stint","Scolopacidae","Birds"
"Lymnocryptes minimus","Jack Snipe","Scolopacidae","Birds"
"Tringa ochropus","Green Sandpiper","Scolopacidae","Birds"
"Gallinago media","Great Snipe","Scolopacidae","Birds"
"Scolopax rusticola","Eurasian Woodcock","Scolopacidae","Birds"
"Numenius arquata","Eurasian Curlew","Scolopacidae","Birds"
"Calidris alpina","Dunlin","Scolopacidae","Birds"
"Gallinago gallinago","Common Snipe","Scolopacidae","Birds"
"Actitis hypoleucos","Common Sandpiper","Scolopacidae","Birds"
"Tringa totanus","Common Redshank","Scolopacidae","Birds"
"Tringa nebularia","Common Greenshank","Scolopacidae","Birds"
"Limosa limosa","Black-Tailed Godwit","Scolopacidae","Birds"
"Vanellus spinosus","Spur-Winged Lapwing","Charadriidae","Birds"
"Vanellus vanellus","Northern Lapwing","Charadriidae","Birds"
"Charadrius dubius","Little Ringed Plover","Charadriidae","Birds"
"Charadrius alexandrinus","Kentish Plover","Charadriidae","Birds"
"Pluvialis squatarola","Grey Plover","Charadriidae","Birds"
"Pluvialis apricaria","Eurasian Golden Plover","Charadriidae","Birds"
"Recurvirostra avosetta","Pied Avocet","Recurvirostridae","Birds"
"Himantopus himantopus","Black-Winged Stilt","Recurvirostridae","Birds"
"Haematopus ostralegus","Eurasian Oystercatcher","Haematopodidae","Birds"
"Burhinus oedicnemus","Stone-Curlew","Burhinidae","Birds"
"Rallus aquaticus","Water Rail","Rallidae","Birds"
"Porzana porzana","Spotted Crake","Rallidae","Birds"
"Porzana parva","Little Crake","Rallidae","Birds"
"Crex crex","Corncrake","Rallidae","Birds"
"Fulica atra","Coot","Rallidae","Birds"
"Gallinula chloropus","Common Moorhen","Rallidae","Birds"
"Tetrax tetrax","Little Bustard","Otididae","Birds"
"Otis tarda","Great Bustard","Otididae","Birds"
"Haliaeetus albicilla","White-Tailed Eagle","Accipitridae","Birds"
"Circaetus gallicus","Short-Toed Eagle","Accipitridae","Birds"
"Buteo lagopus","Rough-Legged Hawk","Accipitridae","Birds"
"Milvus milvus","Red Kite","Accipitridae","Birds"
"Circus macrourus","Pallid Harrier","Accipitridae","Birds"
"Accipiter gentilis","Northern Goshawk","Accipitridae","Birds"
"Circus pygargus","Montagu's Harrier","Accipitridae","Birds"
"Aegypius monachus","Monk Vulture","Accipitridae","Birds"
"Circus aeruginosus","Marsh Harrier","Accipitridae","Birds"
"Buteo rufinus","Long-Legged Buzzard","Accipitridae","Birds"
"Accipiter brevipes","Levant Sparrowhawk","Accipitridae","Birds"
"Aquila pomarina","Lesser Spotted Eagle","Accipitridae","Birds"
"Gypaetus barbatus","Lammergeier","Accipitridae","Birds"
"Aquila heliaca","Imperial Eagle","Accipitridae","Birds"
"Circus cyaneus","Hen Harrier","Accipitridae","Birds"
"Aquila clanga","Greater Spotted Eagle","Accipitridae","Birds"
"Aquila chrysaetos","Golden Eagle","Accipitridae","Birds"
"Pernis apivorus","European Honey-Buzzard","Accipitridae","Birds"
"Gyps fulvus","European Griffon Vulture","Accipitridae","Birds"
"Accipiter nisus","Eurasian Sparrowhawk","Accipitridae","Birds"
"Neophron percnopterus","Egyptian Vulture","Accipitridae","Birds"
"Buteo buteo","Common Buzzard","Accipitridae","Birds"
"Hieraaetus pennatus","Booted Eagle","Accipitridae","Birds"
"Aquila fasciatus","Bonelli's Eagle","Accipitridae","Birds"
"Milvus migrans","Black Kite","Accipitridae","Birds"
"Falco cherrug","Saker Falcon","Falconidae","Birds"
"Falco vespertinus","Red-Footed Falcon","Falconidae","Birds"
"Falco peregrinus","Peregrine Falcon","Falconidae","Birds"
"Falco columbarius","Merlin","Falconidae","Birds"
"Falco naumanni","Lesser Kestrel","Falconidae","Birds"
"Falco biarmicus","Lanner","Falconidae","Birds"
"Falco subbuteo","Eurasian Hobby","Falconidae","Birds"
"Falco eleonorae","Eleonora's Falcon","Falconidae","Birds"
"Falco tinnunculus","Common Kestrel","Falconidae","Birds"
"Phalacrocorax pygmeus","Pygmy Cormorant","Phalacrocoracidae","Birds"
"Phalacrocorax carbo","Great Cormorant","Phalacrocoracidae","Birds"
"Phalacrocorax aristotelis","European Shag","Phalacrocoracidae","Birds"
"Morus bassanus","Northern Gannet","Sulidae","Birds"
"Pelecanus onocrotalus","Great White Pelican","Pelecanidae","Birds"
"Pelecanus crispus","Dalmatian Pelican","Pelecanidae","Birds"
"Ardeola ralloides","Squacco Heron","Ardeidae","Birds"
"Ardea purpurea","Purple Heron","Ardeidae","Birds"
"Egretta garzetta","Little Egret","Ardeidae","Birds"
"Ixobrychus minutus","Little Bittern","Ardeidae","Birds"
"Ardea cinerea","Grey Heron","Ardeidae","Birds"
"Casmerodius albus","Great Egret","Ardeidae","Birds"
"Botaurus stellaris","Great Bittern","Ardeidae","Birds"
"Nycticorax nycticorax","Black-Crowned Night-Heron","Ardeidae","Birds"
"Plegadis falcinellus","Glossy Ibis","Threskiornithidae","Birds"
"Platalea leucorodia","Eurasian Spoonbill","Threskiornithidae","Birds"
"Ciconia ciconia","White Stork","Ciconiidae","Birds"
"Ciconia nigra","Black Stork","Ciconiidae","Birds"
"Phoenicopterus roseus","Greater Flamingo","Phoenicopteridae","Birds"
"Podiceps grisegena","Red-Necked Grebe","Podicipedidae","Birds"
"Tachybaptus ruficollis","Little Grebe","Podicipedidae","Birds"
"Podiceps auritus","Horned Grebe","Podicipedidae","Birds"
"Podiceps cristatus","Great Crested Grebe","Podicipedidae","Birds"
"Podiceps nigricollis","Black-Necked Grebe","Podicipedidae","Birds"
"Hydrobates pelagicus","European Storm-Petrel","Hydrobatidae","Birds"
"Puffinus yelkouan","Yelkouan Shearwater","Procellariidae","Birds"
"Calonectris diomedea","Scopoli's Shearwater","Procellariidae","Birds"
"Puffinus mauretanicus","Balearic Shearwater","Procellariidae","Birds"
"Gavia arctica","Black-Throated Diver","Gaviidae","Birds"
"Cygnus cygnus","Whooper Swan","Anatidae","Birds"
"Oxyura leucocephala","White-Headed Duck","Anatidae","Birds"
"Aythya fuligula","Tufted Duck","Anatidae","Birds"
"Mergellus albellus","Smew","Anatidae","Birds"
"Tadorna ferruginea","Ruddy Shelduck","Anatidae","Birds"
"Netta rufina","Red-Crested Pochard","Anatidae","Birds"
"Mergus serrator","Red-Breasted Merganser","Anatidae","Birds"
"Branta ruficollis","Red-Breasted Goose","Anatidae","Birds"
"Anas clypeata","Northern Shoveler","Anatidae","Birds"
"Anas acuta","Northern Pintail","Anatidae","Birds"
"Cygnus olor","Mute Swan","Anatidae","Birds"
"Marmaronetta angustirostris","Marbled Teal","Anatidae","Birds"
"Anas platyrhynchos","Mallard","Anatidae","Birds"
"Anser erythropus","Lesser White-Fronted Goose","Anatidae","Birds"
"Anser anser","Greylag Goose","Anatidae","Birds"
"Anser albifrons","Greater White-Fronted Goose","Anatidae","Birds"
"Mergus merganser","Goosander","Anatidae","Birds"
"Anas querquedula","Garganey","Anatidae","Birds"
"Anas strepera","Gadwall","Anatidae","Birds"
"Aythya nyroca","Ferruginous Duck","Anatidae","Birds"
"Anas penelope","Eurasian Wigeon","Anatidae","Birds"
"Anas crecca","Common Teal","Anatidae","Birds"
"Tadorna tadorna","Common Shelduck","Anatidae","Birds"
"Aythya ferina","Common Pochard","Anatidae","Birds"
"Bucephala clangula","Common Goldeneye","Anatidae","Birds"
"Anser fabalis","Bean Goose","Anatidae","Birds"
"Tetrao urogallus","Western Capercaillie","Phasianidae","Birds"
"Alectoris graeca","Rock Partridge","Phasianidae","Birds"
"Bonasa bonasia","Hazel Grouse","Phasianidae","Birds"
"Perdix perdix","Grey Partridge","Phasianidae","Birds"
"Coturnix coturnix","Common Quail","Phasianidae","Birds"
"Phasianus colchicus","Common Pheasant","Phasianidae","Birds"
"Crocidura suaveolens","Lesser White-Toothed Shrew","Soricidae","Mammals"
"Sciurus vulgaris","Eurasian Red Squirrel","Sciuridae","Mammals"
"Spermophilus citellus","European Souslik","Sciuridae","Mammals"
"Sciurus anomalus","Persian Squirrel","Sciuridae","Mammals"
"Muscardinus avellanarius","Common Dormouse","Gliridae","Mammals"
"Glis glis","Fat Dormouse","Gliridae","Mammals"
"Dryomys nitedula","Forest Dormouse","Gliridae","Mammals"
"Myomimus roachi","Mouse-Tailed Dormouse","Gliridae","Mammals"
"Microtus felteni","Balkan Pine Vole","Cricetidae","Mammals"
"Myodes glareolus","Bank Vole","Cricetidae","Mammals"
"Microtus subterraneus","Common Pine Vole","Cricetidae","Mammals"
"Microtus arvalis","Common Vole","Cricetidae","Mammals"
"Microtus levis","East European Vole","Cricetidae","Mammals"
"Microtus guentheri","Günther's Vole","Cricetidae","Mammals"
"Microtus thomasi","Thomas's Pine Vole","Cricetidae","Mammals"
"Dinaromys bogdanovi","Balkan Snow Vole","Muridae","Mammals"
"Rattus rattus","Black Rat","Muridae","Mammals"
"Apodemus mystacinus","Broad-Toothed Field Mouse","Muridae","Mammals"
"Rattus norvegicus","Brown Rat","Muridae","Mammals"
"Acomys minous","Cretan Spiny Mouse","Muridae","Mammals"
"Arvicola amphibius","Eurasian Water Vole","Muridae","Mammals"
"Chionomys nivalis","European Snow Vole","Muridae","Mammals"
"Cricetulus migratorius","Gray Dwarf Hamster","Muridae","Mammals"
"Micromys minutus","Harvest Mouse","Muridae","Mammals"
"Mus musculus","House Mouse","Muridae","Mammals"
"Spalax leucodon","Lesser Mole Rat","Muridae","Mammals"
"Mus macedonicus","Macedonian Mouse","Muridae","Mammals"
"Spalax nehringi","Nehring's Blind Mole Rat","Muridae","Mammals"
"Apodemus witherbyi","Steppe Field Mouse","Muridae","Mammals"
"Mus spicilegus","Steppe Mouse","Muridae","Mammals"
"Apodemus agrarius","Striped Field Mouse","Muridae","Mammals"
"Meriones tristrami","Tristram's Jird","Muridae","Mammals"
"Apodemus epimelas","Western Broad Toothed Field Mouse","Muridae","Mammals"
"Apodemus sylvaticus","Wood Mouse","Muridae","Mammals"
"Apodemus flavicollis","Yellow-Necked Mouse","Muridae","Mammals"
"Hystrix indica","Indian Crested Porcupine","Hystricidae","Mammals"
"Lepus europaeus","Brown Hare","Leporidae","Mammals"
"Oryctolagus cuniculus","European Rabbit","Leporidae","Mammals"
"Erinaceus roumanicus","Northern White-Breasted Hedgehog","Erinaceidae","Mammals"
"Erinaceus concolor","Southern White Breasted Hedgehog","Erinaceidae","Mammals"
"Crocidura leucodon","Bicolored Shrew","Soricidae","Mammals"
"Crocidura zimmermanni","Cretan Shrew","Soricidae","Mammals"
"Suncus etruscus","Etruscan Shrew","Soricidae","Mammals"
"Sorex araneus","Eurasian Common Shrew","Soricidae","Mammals"
"Sorex minutus","Eurasian Pygmy Shrew","Soricidae","Mammals"
"Neomys fodiens","Eurasian Water Shrew","Soricidae","Mammals"
"Neomys anomalus","Southern Water Shrew","Soricidae","Mammals"
"Talpa europaea","European Mole","Talpidae","Mammals"
"Talpa levantis","Levantine Mole","Talpidae","Mammals"
"Talpa caeca","Mediterranean Mole","Talpidae","Mammals"
"Talpa stankovici","Stankovic's Mole","Talpidae","Mammals"
"Rhinolophus blasii","Blasius' Horseshoe Bat","Rhinolophidae","Mammals"
"Rhinolophus ferrumequinum","Greater Horseshoe Bat","Rhinolophidae","Mammals"
"Rhinolophus hipposideros","Lesser Horseshoe Bat","Rhinolophidae","Mammals"
"Rhinolophus euryale","Mediterranean Horseshoe Bat","Rhinolophidae","Mammals"
"Rhinolophus mehelyi","Mehely's Horseshoe Bat","Rhinolophidae","Mammals"
"Tadarida teniotis","European Free-Tailed Bat","Molossidae","Mammals"
"Myotis alcathoe","Alcathoe Myotis","Vespertilionidae","Mammals"
"Barbastella barbastellus","Barbastelle","Vespertilionidae","Mammals"
"Myotis bechsteinii","Bechstein's Bat","Vespertilionidae","Mammals"
"Eptesicus bottae","Botta's Serotine","Vespertilionidae","Mammals"
"Myotis brandtii","Brandt's Bat","Vespertilionidae","Mammals"
"Plecotus auritus","Brown Long-Eared Bat","Vespertilionidae","Mammals"
"Pipistrellus pipistrellus","Common Pipistrelle","Vespertilionidae","Mammals"
"Myotis daubentonii","Daubenton's Bat","Vespertilionidae","Mammals"
"Myotis emarginatus","Geoffroy's Bat","Vespertilionidae","Mammals"
"Myotis myotis","Greater Mouse-Eared Bat","Vespertilionidae","Mammals"
"Nyctalus lasiopterus","Greater Noctule","Vespertilionidae","Mammals"
"Plecotus austriacus","Grey Long-Eared Bat","Vespertilionidae","Mammals"
"Plecotus kolombatovici","Kolombatovic's Long-Eared Bat","Vespertilionidae","Mammals"
"Pipistrellus kuhlii","Kuhl's Pipistrelle","Vespertilionidae","Mammals"
"Nyctalus leisleri","Leisler's Bat","Vespertilionidae","Mammals"
"Myotis blythii","Lesser Mouse-Eared Bat","Vespertilionidae","Mammals"
"Myotis capaccinii","Long-Fingered Bat","Vespertilionidae","Mammals"
"Plecotus macrobullaris","Mountain Long-Eared Bat","Vespertilionidae","Mammals"
"Pipistrellus nathusii","Nathusius' Pipistrelle","Vespertilionidae","Mammals"
"Myotis nattereri","Natterer's Bat","Vespertilionidae","Mammals"
"Nyctalus noctula","Noctule","Vespertilionidae","Mammals"
"Vespertilio murinus","Parti-Coloured Bat","Vespertilionidae","Mammals"
"Pipistrellus savii","Savi's Pipistrelle","Vespertilionidae","Mammals"
"Miniopterus schreibersii","Schreibers' Bat","Vespertilionidae","Mammals"
"Eptesicus serotinus","Serotine","Vespertilionidae","Mammals"
"Pipistrellus pygmaeus","Soprano Pipistrelle","Vespertilionidae","Mammals"
"Myotis aurascens","Steppe Whiskered Bat","Vespertilionidae","Mammals"
"Myotis mystacinus","Whiskered Bat","Vespertilionidae","Mammals"
"Caracal caracal","Asian Caracal","Felidae","Mammals"
"Lynx lynx","Lynx","Felidae","Mammals"
"Felis silvestris","Wildcat","Felidae","Mammals"
"Canis aureus","Golden Jackal","Canidae","Mammals"
"Vulpes vulpes","Red Fox","Canidae","Mammals"
"Canis lupus","Wolf","Canidae","Mammals"
"Meles meles","Eurasian Badger","Mustelidae","Mammals"
"Lutra lutra","Eurasian Otter","Mustelidae","Mammals"
"Vormela peregusna","Marbled Polecat","Mustelidae","Mammals"
"Martes martes","Pine Marten","Mustelidae","Mammals"
"Martes foina","Stone Marten","Mustelidae","Mammals"
"Mustela nivalis","Weasel","Mustelidae","Mammals"
"Mustela putorius","Western Polecat","Mustelidae","Mammals"
"Ursus arctos","Grizzly Bear","Ursidae","Mammals"
"Sus scrofa","Wild Boar","Suidae","Mammals"
"Rupicapra rupicapra","Alpine Chamois","Bovidae","Mammals"
"Capra aegagrus","Wild Goat","Bovidae","Mammals"
"Dama dama","Fallow Deer","Cervidae","Mammals"
"Cervus elaphus","Red Deer","Cervidae","Mammals"
"Capreolus capreolus","Roe Deer","Cervidae","Mammals"
"Tursiops truncatus","Common Bottlenose Dolphin","Delphinidae","Mammals"
"Balaenoptera acutorostrata","Common Minke Whale","Balaenopteridae","Mammals"
"Pseudorca crassidens","False Killer Whale","Delphinidae","Mammals"
"Balaenoptera physalus","Fin Whale","Balaenopteridae","Mammals"
"Ziphius cavirostris","Goose Beaked Whale","Hyperoodontidae","Mammals"
"Phocoena phocoena","Harbour Porpoise","Phocoenidae","Mammals"
"Orcinus orca","Killer Whale","Delphinidae","Mammals"
"Monachus monachus","Mediterranean Monk Seal","Phocidae","Mammals"
"Grampus griseus","Risso's Dolphin","Delphinidae","Mammals"
"Steno bredanensis","Rough Toothed Dolphin","Delphinidae","Mammals"
"Delphinus delphis","Short Beaked Common Dolphin","Delphinidae","Mammals"
"Physeter macrocephalus","Sperm Whale","Physeteridae","Mammals"
"Stenella coeruleoalba","Striped Dolphin","Delphinidae","Mammals"
"Ophiomorus punctatissimus","Greek Snake Skink","Scincidae","Reptiles"
"Vipera schweizeri","null","Viperidae","Reptiles"
"Vipera ammodytes","Nose-Horned Viper","Viperidae","Reptiles"
"Vipera ursinii","Meadow Viper","Viperidae","Reptiles"
"Malpolon monspessulanus","Montpellier Snake","Colubridae","Reptiles"
"Telescopus fallax","Mediterranean Cat Snake","Colubridae","Reptiles"
"Elaphe quatuorlineata","Four-Lined Ratsnake","Colubridae","Reptiles"
"Elaphe quatuorlineata","Four-Lined Ratsnake","Colubridae","Reptiles"
"Natrix tessellata","Dice Snake","Colubridae","Reptiles"
"Eirenis modestus","Asia Minor Dwarf Racer","Colubridae","Reptiles"
"Blanus strauchi","Turkish Worm Lizard","Amphisbaenidae","Reptiles"
"Anguis cephallonicus","null","Anguidae","Reptiles"
"Chalcides ocellatus","Ocellated Bronze Skink","Scincidae","Reptiles"
"Ablepharus kitaibelii","Juniper Skink","Scincidae","Reptiles"
"Lacerta anatolica","null","Lacertidae","Reptiles"
"Podarcis gaigeae","Skyros Wall Lizard","Lacertidae","Reptiles"
"Lacerta agilis","Sand Lizard","Lacertidae","Reptiles"
"Podarcis milensis","Milos Wall Lizard","Lacertidae","Reptiles"
"Lacerta graeca","Greek Rock Lizard","Lacertidae","Reptiles"
"Algyroides moreoticus","Greek Keeled Lizard","Lacertidae","Reptiles"
"Lacerta viridis","European Green Lizard","Lacertidae","Reptiles"
"Podarcis muralis","Common Wall Lizard","Lacertidae","Reptiles"
"Algyroides nigropunctatus","Blue-Throated Keeled Lizard","Lacertidae","Reptiles"
"Lacerta trilineata","Balkan Emerald Lizard","Lacertidae","Reptiles"
"Hemidactylus turcicus","Mediterranean House Gecko","Gekkonidae","Reptiles"
"Tarentola mauritanica","Common Wall Gecko","Gekkonidae","Reptiles"
"Chamaeleo chamaeleon","Common Chameleon","Chamaeleonidae","Reptiles"
"Chamaeleo africanus","African Chameleon","Chamaeleonidae","Reptiles"
"Testudo marginata","Marginated Tortoise","Testudinidae","Turtles (non-marine)"
"Testudo hermanni","Hermann's Tortoise","Testudinidae","Turtles (non-marine)"
"Emys orbicularis","European Pond Turtle","Emydidae","Turtles (non-marine)"
"Mauremys rivulata","Western Caspian Turtle","Geoemydidae","Turtles (non-marine)"
"Testudo graeca","Mediterranean Spur-Thighed Tortoise","Testudinidae","Turtles (non-marine)"
"Pelophylax epeiroticus","Epeirus Frog","Ranidae","Amphibians"
"Rana temporaria","Common Frog","Ranidae","Amphibians"
"Lithobates catesbeianus","Common Bullfrog","Ranidae","Amphibians"
"Pelophylax bedriagae","Bedriaga's Frog","Ranidae","Amphibians"
"Mesotriton alpestris","Alpine Newt","Salamandridae","Amphibians"
"Pelophylax kurtmuelleri","Balkan Frog","Ranidae","Amphibians"
"Rana dalmatina","Agile Frog","Ranidae","Amphibians"
"Hyla arborea","Green Treefrog","Hylidae","Amphibians"
"Bufotes viridis","null","Bufonidae","Amphibians"
"Bufotes variabilis","Varying Toad","Bufonidae","Amphibians"
"Bufo bufo","Granulated Toad","Bufonidae","Amphibians"
"Pelobates syriacus","Syrian Spade-Foot Toad","Pelobatidae","Amphibians"
"Bombina variegata","Saline Frog","Bombinatoridae","Amphibians"
"Bombina bombina","Ringing Frog","Bombinatoridae","Amphibians"
"Salamandra salamandra","Spotted Salamander","Salamandridae","Amphibians"
"Triturus karelinii","Karelin's Newt","Salamandridae","Amphibians"
"Triturus carnifex","Italian Crested Newt","Salamandridae","Amphibians"
"Lissotriton vulgaris","Common Newt","Salamandridae","Amphibians"
"Lyciasalamandra helverseni","Helversen's Salamander","Salamandridae","Amphibians"
"Pelophylax ridibundus","Laughing Frog","Ranidae","Amphibians"
"Pelophylax cerigensis","Karpathos Water Frog","Ranidae","Amphibians"
"Pelophylax cretensis","Greek Marsh Frog","Ranidae","Amphibians"
"Rana graeca","Graecian Frog","Ranidae","Amphibians"
"Apatura iris","Purple Emperor","Nymphalidae","Butterflies"
"Pseudophilotes vicrama","Vicrama Blue","Lycaenidae","Butterflies"
"Plebicula dorylas","Turquoise Blue","Lycaenidae","Butterflies"
"Polyommatus menelaos","Taygetos Blue","Lycaenidae","Butterflies"
"Celastrina argiolus","Spring/Summer Azure","Lycaenidae","Butterflies"
"Lycaena tityrus","Sooty Copper","Lycaenidae","Butterflies"
"Aglais urticae","Small Tortoiseshell","Lycaenidae","Butterflies"
"Lycaena phlaeas","Small Copper","Lycaenidae","Butterflies"
"Satyrium acaciae","Sloe Hairstreak","Lycaenidae","Butterflies"
"Plebejus argus","Silver-Studded Blue","Lycaenidae","Butterflies"
"Everes argiades","Short-Tailed Blue","Lycaenidae","Butterflies"
"Lycaena virgaureae","Scarce Copper","Lycaenidae","Butterflies"
"Agrodiaetus ripartii","Ripart's Anomalous Blue","Lycaenidae","Butterflies"
"Lycaena alciphron","Purple-Shot Copper","Lycaenidae","Butterflies"
"Quercusia quercus","Purple Hairstreak","Lycaenidae","Butterflies"
"Lycaena hippothoe","Purple-Edged Copper","Lycaenidae","Butterflies"
"Everes alcetas","Provencal Short-Tailed Blue","Lycaenidae","Butterflies"
"Neolysandra coelestina","Pontic Blue","Lycaenidae","Butterflies"
"Polyommatus andronicus","Phalakron Blue","Lycaenidae","Butterflies"
"Cupido osiris","Osiris Blue","Lycaenidae","Butterflies"
"Papilio machaon","Old World Swallowtail","Lycaenidae","Butterflies"
"Aricia artaxerxes","Northern Brown Argus","Lycaenidae","Butterflies"
"Plebejus argyrognomon","Northern Blue Butterfly","Lycaenidae","Butterflies"
"Maculinea rebeli","Mountain Alcon Blue","Lycaenidae","Butterflies"
"Meleageria daphnis","Meleager's Blue","Lycaenidae","Butterflies"
"Cyaniris semiargus","Mazarine Blue","Lycaenidae","Butterflies"
"Lampides boeticus","Long-Tailed Blue","Lycaenidae","Butterflies"
"Cupido minimus","Little Blue","Lycaenidae","Butterflies"
"Lycaena thersamon","Lesser Fiery Copper","Lycaenidae","Butterflies"
"Lycaena dispar","Large Copper","Lycaenidae","Butterflies"
"Maculinea arion","Large Blue","Lycaenidae","Butterflies"
"Leptotes pirithous","Lang's Short-Tailed Blue","Lycaenidae","Butterflies"
"Iolana iolas","Iolas Blue","Lycaenidae","Butterflies"
"Satyrium ilicis","Ilex Hairstreak","Lycaenidae","Butterflies"
"Plebejus idas","Idas Blue","Lycaenidae","Butterflies"
"Agrodiaetus nephohiptamenos","Higgins' Anomalous Blue","Lycaenidae","Butterflies"
"Glaucopsyche alexis","Green Underside Blue","Lycaenidae","Butterflies"
"Callophrys rubi","Green Hairstreak","Lycaenidae","Butterflies"
"Lycaena ottomana","Grecian Copper","Lycaenidae","Butterflies"
"Chilades trochylus","Grass Jewel","Lycaenidae","Butterflies"
"Lycaena thetis","Golden Copper","Lycaenidae","Butterflies"
"Eumedonia eumedon","Geranium Argus","Lycaenidae","Butterflies"
"Plebejus pylaon","Gavarnie Blue","Lycaenidae","Butterflies"
"Agriades pyrenaicus","Gavarnie Blue","Lycaenidae","Butterflies"
"Polyommatus eroides","False Eros Blue","Lycaenidae","Butterflies"
"Polyommatus eros","Eros Blue","Lycaenidae","Butterflies"
"Everes decoloratus","Eastern Short-Tailed Blue","Lycaenidae","Butterflies"
"Kretania eurypilus","Eastern Brown Argus","Lycaenidae","Butterflies"
"Agrodiaetus damon","Damon Blue","Lycaenidae","Butterflies"
"Vacciniina optilete","Cranberry Blue","Lycaenidae","Butterflies"
"Polyommatus icarus","Common Blue","Lycaenidae","Butterflies"
"Scolitantides orion","Chequered Blue","Lycaenidae","Butterflies"
"Lysandra coridon","Chalk-Hill Blue","Lycaenidae","Butterflies"
"Thecla betulae","Brown Hairstreak","Lycaenidae","Butterflies"
"Aricia agestis","Brown Argus","Lycaenidae","Butterflies"
"Satyrium spini","Blue Spot Hairstreak","Lycaenidae","Butterflies"
"Ultraaricia anteros","Blue Argus","Lycaenidae","Butterflies"
"Satyrium pruni","Black Hairstreak","Lycaenidae","Butterflies"
"Pseudophilotes bavius","Bavius Blue","Lycaenidae","Butterflies"
"Tarucus balkanicus","Balkan Pierrot","Lycaenidae","Butterflies"
"Lycaena candens","Balkan Copper","Lycaenidae","Butterflies"
"Agrodiaetus admetus","Anomalous Blue","Lycaenidae","Butterflies"
"Agrodiaetus amanda","Amanda's Blue","Lycaenidae","Butterflies"
"Lysandra bellargus","Adonis Blue Butterfly","Lycaenidae","Butterflies"
"Artogeia krueperi","null","Pieridae","Butterflies"
"Artogeia ergane","null","Pieridae","Butterflies"
"Artogeia balcana","null","Pieridae","Butterflies"
"Leptidea sinapis","Wood White","Pieridae","Butterflies"
"Artogeia mannii","Southern Small White","Pieridae","Butterflies"
"Pontia chloridice","Small Bath White","Pieridae","Butterflies"
"Gonepteryx farinosa","Powdered Brimstone","Pieridae","Butterflies"
"Euchloe ausonia","Pearl White","Pieridae","Butterflies"
"Anthocharis cardamines","Orange-Tip","Pieridae","Butterflies"
"Pieris brassicae","Large White","Pieridae","Butterflies"
"Anthocharis gruneri","Gruner's Orange Tip","Pieridae","Butterflies"
"Artogeia napi","Green-Veined White","Pieridae","Butterflies"
"Leptidea duponcheli","Eastern Wood White","Pieridae","Butterflies"
"Colias erate","Eastern Pale Clouded Yellow","Pieridae","Butterflies"
"Anthocharis damone","Eastern Orange Tip","Pieridae","Butterflies"
"Elphinstonia penia","Eastern Greenish Black-Tip","Pieridae","Butterflies"
"Pontia edusa","Eastern Bath White","Pieridae","Butterflies"
"Colias aurorina","Dawn Clouded Yellow Butterfly","Pieridae","Butterflies"
"Colias crocea","Clouded Yellow","Pieridae","Butterflies"
"Gonepteryx cleopatra","Cleopatra","Pieridae","Butterflies"
"Artogeia rapae","Cabbage White Butterfly","Pieridae","Butterflies"
"Gonepteryx rhamni","Brimstone","Pieridae","Butterflies"
"Aporia crataegi","Black-Veined White","Pieridae","Butterflies"
"Colias alfacariensis","Berger's Clouded Yellow","Pieridae","Butterflies"
"Colias caucasica","Balkan Clouded Yellow","Pieridae","Butterflies"
"Papilio alexanor","Southern Swallowtail","Papilionidae","Butterflies"
"Zerynthia polyxena","Southern Festoon","Papilionidae","Butterflies"
"Iphiclides podalirius","Scarce Swallowtail","Papilionidae","Butterflies"
"Archon apollinus","False Apollo","Papilionidae","Butterflies"
"Zerynthia cerisy","Eastern Festoon","Papilionidae","Butterflies"
"Parnassius mnemosyne","Clouded Apollo","Papilionidae","Butterflies"
"Parnassius apollo","Apollo","Papilionidae","Butterflies"
"Pyrgus sidae","Yellow-Banded Skipper","Hesperiidae","Butterflies"
"Carcharodus flocciferus","Tufted Skipper","Hesperiidae","Butterflies"
"Muschampia tessellum","Tesselated Skipper","Hesperiidae","Butterflies"
"Thymelicus sylvestris","Small Skipper","Hesperiidae","Butterflies"
"Pyrgus cinarae","Sandy Grizzled Skipper","Hesperiidae","Butterflies"
"Muschampia proto","Sage Skipper","Hesperiidae","Butterflies"
"Pyrgus carthami","Safflower Skipper","Hesperiidae","Butterflies"
"Gegenes pumilio","Pigmy Skipper","Hesperiidae","Butterflies"
"Spialia phlomidis","Persian Skipper","Hesperiidae","Butterflies"
"Carcharodus orientalis","Oriental Marbled Skipper","Hesperiidae","Butterflies"
"Spialia orbifer","Orbed Red-Underwing Skipper","Hesperiidae","Butterflies"
"Pyrgus serratulae","Olive Skipper","Hesperiidae","Butterflies"
"Pyrgus armoricanus","Oberthür's Grizzled Skipper","Hesperiidae","Butterflies"
"Gegenes nostrodamus","Mediterranean Skipper","Hesperiidae","Butterflies"
"Carcharodus lavatherae","Marbled Skipper","Hesperiidae","Butterflies"
"Carcharodus alceae","Mallow Skipper","Hesperiidae","Butterflies"
"Thymelicus acteon","Lulworth Skipper","Hesperiidae","Butterflies"
"Thymelicus hyrax","Levantine Skipper","Hesperiidae","Butterflies"
"Ochlodes venatus","Large Skipper Butterfly","Hesperiidae","Butterflies"
"Pyrgus alveus","Large Grizzled Skipper","Hesperiidae","Butterflies"
"Erynnis marloyi","Inky Skipper","Hesperiidae","Butterflies"
"Pyrgus malvae","Grizzled Skipper","Hesperiidae","Butterflies"
"Pyronia tithonus","Gatekeeper Butterfly","Hesperiidae","Butterflies"
"Thymelicus lineola","European Skipper","Hesperiidae","Butterflies"
"Pyrgus cacaliae","Dusky Grizzled Skipper","Hesperiidae","Butterflies"
"Erynnis tages","Dingy Skipper","Hesperiidae","Butterflies"
"Hesperia comma","Common Branded Skipper","Hesperiidae","Butterflies"
"Carterocephalus palaemon","Arctic Skipper","Hesperiidae","Butterflies"
"Erebia ottomana","Ottoman Brassy Ringlet","Nymphalidae","Butterflies"
"Vanessa cardui","Painted Lady","Nymphalidae","Butterflies"
"Neptis sappho","Pallas' Sailer","Nymphalidae","Butterflies"
"Clossiana euphrosyne","Pearl-Bordered Fritillary","Nymphalidae","Butterflies"
"Coenonympha arcania","Pearly Heath","Nymphalidae","Butterflies"
"Limenitis populi","Poplar Admiral","Nymphalidae","Butterflies"
"Vanessa atalanta","Red Admiral","Nymphalidae","Butterflies"
"Aphantopus hyperantus","Ringlet","Nymphalidae","Butterflies"
"Coenonympha leander","Russian Heath","Nymphalidae","Butterflies"
"Nymphalis xanthomelas","Scarce Tortoiseshell","Nymphalidae","Butterflies"
"Erebia aethiops","Scotch Argus","Nymphalidae","Butterflies"
"Boloria pales","Shepherd's Fritillary","Nymphalidae","Butterflies"
"Erebia gorge","Silky Ringlet","Nymphalidae","Butterflies"
"Argynnis paphia","Silver-Washed Fritillary","Nymphalidae","Butterflies"
"Coenonympha pamphilus","Small Heath","Nymphalidae","Butterflies"
"Erebia epiphron","Small Mountain Ringlet","Nymphalidae","Butterflies"
"Polygonia egea","Southern Comma","Nymphalidae","Butterflies"
"Pyronia cecilia","Southern Gatekeeper","Nymphalidae","Butterflies"
"Hipparchia aristaeus","Southern Grayling","Nymphalidae","Butterflies"
"Limenitis reducta","Southern White Admiral","Nymphalidae","Butterflies"
"Pararge aegeria","Speckled Wood","Nymphalidae","Butterflies"
"Melitaea didyma","Spotted Fritillary","Nymphalidae","Butterflies"
"Melitaea trivia","The Lesser Spotted Fritillary","Nymphalidae","Butterflies"
"Brenthis hecate","Twin-Spot Fritillary","Nymphalidae","Butterflies"
"Charaxes jasius","Two-Tailed Pasha","Nymphalidae","Butterflies"
"Lasiommata megera","Wall","Nymphalidae","Butterflies"
"Erebia pronoe","Water Ringlet","Nymphalidae","Butterflies"
"Clossiana dia","Weavers Fritillary","Nymphalidae","Butterflies"
"Limenitis camilla","White Admiral","Nymphalidae","Butterflies"
"Pseudochazara anthelea","White-Banded Grayling","Nymphalidae","Butterflies"
"Hipparchia fagi","Woodland Grayling","Nymphalidae","Butterflies"
"Erebia medusa","Woodland Ringlet","Nymphalidae","Butterflies"
"Erebia oriental","null","Nymphalidae","Butterflies"
"Issoria lathonia","null","Nymphalidae","Butterflies"
"Agrodiaetus thersites","Chapman's Blue","Camaenidae","Butterflies"
"Kanetisa circe","null","Veneridae","Butterflies"
"Neohipparchia fatua","null","Satyridae","Butterflies"
"Neohipparchia statilinus","null","Satyridae","Butterflies"
"Hyponephele lupina","Oriental Meadow Brown","Nymphalidae","Butterflies"
"Lasiommata petropolitana","Northern Wall Brown Butterfly","Nymphalidae","Butterflies"
"Argynnis niobe","Niobe Fritillary","Nymphalidae","Butterflies"
"Mellicta aurelia","Nickerl's Fritillary","Nymphalidae","Butterflies"
"Erebia rhodopensis","Nicholl's Ringlet","Nymphalidae","Butterflies"
"Libythea celtis","Nettle-Tree Butterfly","Nymphalidae","Butterflies"
"Nymphalis antiopa","Mourning Cloak","Nymphalidae","Butterflies"
"Maniola jurtina","Meadow Brown","Nymphalidae","Butterflies"
"Euphydryas aurinia","Marsh Fritillary","Nymphalidae","Butterflies"
"Melanargia galathea","Marbled White","Nymphalidae","Butterflies"
"Brenthis daphne","Marbled Fritillary","Nymphalidae","Butterflies"
"Pseudochazara cingovskii","Macedonian Grayling","Nymphalidae","Butterflies"
"Danaus chrysippus","Lesser Wanderer","Nymphalidae","Butterflies"
"Apatura ilia","Lesser Purple Emperor","Nymphalidae","Butterflies"
"Kirinia climene","Lesser Lattice Brown","Nymphalidae","Butterflies"
"Kirinia roxelana","Lattice Brown","Nymphalidae","Butterflies"
"Lasiommata maera","Large Wall","Nymphalidae","Butterflies"
"Nymphalis polychloros","Large Tortoiseshell","Nymphalidae","Butterflies"
"Erebia euryale","Large Ringlet Butterfly","Nymphalidae","Butterflies"
"Melitaea phoebe","Knapweed Fritillary","Nymphalidae","Butterflies"
"Neptis rivularis","Hungarian Glider","Nymphalidae","Butterflies"
"Argynnis adippe","High Brown Fritillary","Nymphalidae","Butterflies"
"Chazara briseis","Hermit","Nymphalidae","Butterflies"
"Mellicta athalia","Heath Fritillary","Nymphalidae","Butterflies"
"Pseudochazara geyeri","Grey Asian Grayling","Nymphalidae","Butterflies"
"Pseudochazara graeca","Grecian Grayling","Nymphalidae","Butterflies"
"Satyrus ferula","Great Sooty Satyr","Nymphalidae","Butterflies"
"Melitaea cinxia","Glanville Fritillary","Nymphalidae","Butterflies"
"Apatura metis","Freyer's Purple Emperor","Nymphalidae","Butterflies"
"Melitaea arduinna","Freyer's Fritillary","Nymphalidae","Butterflies"
"Melitaea diamina","False-Heath Fritillary","Nymphalidae","Butterflies"
"Arethusana arethusa","False Grayling","Nymphalidae","Butterflies"
"Inachis io","European Peacock","Nymphalidae","Butterflies"
"Araschnia levana","European Map","Nymphalidae","Butterflies"
"Melanargia russiae","Esper's Marbled White Butterfly","Nymphalidae","Butterflies"
"Hipparchia syriaca","Eastern Rock Grayling","Nymphalidae","Butterflies"
"Coenonympha rhodopensis","Eastern Large Heath","Nymphalidae","Butterflies"
"Hyponephele lycaon","Dusky Meadow Brown Butterfly","Nymphalidae","Butterflies"
"Minois dryas","Dryad","Nymphalidae","Butterflies"
"Pseudochazara orestes","Dils' Grayling","Nymphalidae","Butterflies"
"Erebia pandrose","Dewy Ringlet","Nymphalidae","Butterflies"
"Hipparchia volgensis","Delattin's Grayling","Nymphalidae","Butterflies"
"Argynnis aglaja","Dark Green Fritillary","Nymphalidae","Butterflies"
"Pseudochazara mniszechii","Dark Grayling","Nymphalidae","Butterflies"
"Proterebia afra","Dalmatian Ringlet","Nymphalidae","Butterflies"
"Hypodryas cynthia","Cynthia's Fritillary","Nymphalidae","Butterflies"
"Coenonympha thyrsis","Cretan Small Heath","Nymphalidae","Butterflies"
"Hipparchia cretica","Cretan Grayling","Nymphalidae","Butterflies"
"Erebia cassioides","Common Brassy Ringlet","Nymphalidae","Butterflies"
"Polygonia c-album","Comma","Nymphalidae","Butterflies"
"Coenonympha glycerion","Chestnut Heath","Nymphalidae","Butterflies"
"Argynnis pandora","Cardinal Fritillary","Nymphalidae","Butterflies"
"Pseudochazara mamurra","Brown's Grayling","Nymphalidae","Butterflies"
"Erebia oeme","Bright-Eyed Ringlet","Nymphalidae","Butterflies"
"Erebia melas","Black Ringlet","Nymphalidae","Butterflies"
"Melanargia larissa","Balkan Marbled White","Nymphalidae","Butterflies"
"Boloria graeca","Balkan Fritillary","Nymphalidae","Butterflies"
"Erebia ligea","Arran Brown","Nymphalidae","Butterflies"
"Hamearis lucina","Duke Of Burgundy","Riodinidae","Butterflies"
"Lysandra philippi","null","Lycaenidae","Butterflies"
"Kretania psylorita","null","Lycaenidae","Butterflies"
"Agrodiaetus escheri","null","Lycaenidae","Butterflies"
"Agrodiaetus aroaniensis","null","Lycaenidae","Butterflies"
"Satyrium w-album","White-Letter Hairstreak","Lycaenidae","Butterflies"
"Theretra alecto","null","Sphingidae","Sphingid moths"
"Dolbina elegans","null","Sphingidae","Sphingid moths"
"Hemaris fuciformis","Broad-Bordered Bee Hawkmoth","Sphingidae","Sphingid moths"
"Agrius convolvuli","Convolvulus Hawk","Sphingidae","Sphingid moths"
"Hyles vespertilio","Dusky Hawkmoth","Sphingidae","Sphingid moths"
"Deilephila elpenor","Elephant Hawk-Moth","Sphingidae","Sphingid moths"
"Smerinthus ocellata","Eyed Hawk-Moth","Sphingidae","Sphingid moths"
"Hyles gallii","Galium Sphinx","Sphingidae","Sphingid moths"
"Macroglossum stellatarum","Hummingbird Hawk-Moth","Sphingidae","Sphingid moths"
"Hyles euphorbiae","Leafy Spurge Hawk Moth","Sphingidae","Sphingid moths"
"Mimas tiliae","Lime Hawk","Sphingidae","Sphingid moths"
"Hyles nicaea","Mediterranean Hawk-Moth","Sphingidae","Sphingid moths"
"Hemaris tityus","Narrow-Bordered Bee Hawk-Moth","Sphingidae","Sphingid moths"
"Hyles livornica","Striped Hawk-Moth","Sphingidae","Sphingid moths"
"Deilephila porcellus","Small Elephant Hawk","Sphingidae","Sphingid moths"
"Hippotion celerio","Silver-Striped Hawk-Moth","Sphingidae","Sphingid moths"
"Hyles hippophaes","Seathorn Hawk-Moth","Sphingidae","Sphingid moths"
"Sphinx ligustri","Privet Hawk Moth","Sphingidae","Sphingid moths"
"Laothoe populi","Poplar Hawk","Sphingidae","Sphingid moths"
"Sphinx pinastri","Pine Hawkmoth","Sphingidae","Sphingid moths"
"Hemaris croatica","null","Sphingidae","Sphingid moths"
"Hemaris syra","null","Sphingidae","Sphingid moths"
"Proserpinus proserpina","Willowherb Hawk Moth","Sphingidae","Sphingid moths"
"Hyles zygophylli","null","Sphingidae","Sphingid moths"
"Marumba quercus","null","Sphingidae","Sphingid moths"
"Sphingonaepiopsis gorgoniades","null","Sphingidae","Sphingid moths"
"Daphnis nerii","Oleander Hawkmoth","Sphingidae","Sphingid moths"
"Bombus cryptarum","Cryptic Bumble Bee","Apidae","Bumblebees"
"Bombus hypnorum","Confusing Bumble Bee","Apidae","Bumblebees"
"Bombus pascuorum","Common Carder Bee","Apidae","Bumblebees"
"Bombus terrestris","Buff-Tailed Bumblebee","Apidae","Bumblebees"
"Bombus humilis","Brown Bumblebee","Apidae","Bumblebees"
"Bombus deuteronymus","Brown-Banded Carder Bee","Apidae","Bumblebees"
"Bombus soroeensis","Broken-Belted Bumblebee","Apidae","Bumblebees"
"Bombus bohemicus","Barbut's Cuckoo-Bee","Apidae","Bumblebees"
"Bombus barbutellus","Barbut's Cuckoo-Bee","Apidae","Bumblebees"
"Bombus armeniacus","Armenian Bumblebee","Apidae","Bumblebees"
"Bombus pomorum","Apple Humble-Bee","Apidae","Bumblebees"
"Bombus zonatus","null","Apidae","Bumblebees"
"Bombus wurflenii","null","Apidae","Bumblebees"
"Bombus rupestris","null","Apidae","Bumblebees"
"Bombus pyrenaeus","null","Apidae","Bumblebees"
"Bombus muscorum","null","Apidae","Bumblebees"
"Bombus mucidus","null","Apidae","Bumblebees"
"Bombus mocsaryi","null","Apidae","Bumblebees"
"Bombus mesomelas","null","Apidae","Bumblebees"
"Bombus laesus","null","Apidae","Bumblebees"
"Bombus haematurus","null","Apidae","Bumblebees"
"Bombus campestris","null","Apidae","Bumblebees"
"Bombus lucorum","White-Tailed Bumblebee","Apidae","Bumblebees"
"Bombus vestalis","Vestal Cuckoo Bumblebee","Apidae","Bumblebees"
"Bombus monticola","Two-Spotted Bumble Bee","Apidae","Bumblebees"
"Bombus sylvarum","Shrill Carder Bee","Apidae","Bumblebees"
"Bombus mlokosievitzii","Shrill Carder Bee","Apidae","Bumblebees"
"Bombus lapidarius","Red-Tailed Bumblebee","Apidae","Bumblebees"
"Bombus ruderarius","Red-Shanked Carder Bee","Apidae","Bumblebees"
"Bombus niveatus","Red-Belted Bumble Bee","Apidae","Bumblebees"
"Bombus argillaceus","Large Garden Bumblebee","Apidae","Bumblebees"
"Bombus subterraneus","Great Yellow Bumblebee","Apidae","Bumblebees"
"Bombus hortorum","Garden Bumblebee","Apidae","Bumblebees"
"Bombus sylvestris","Forest Cuckoo Bumblebee","Apidae","Bumblebees"
"Bombus pratorum","Early Bumblebee","Apidae","Bumblebees"
"Gomphus vulgatissimus","Common Club-Tail","Gomphidae","Dragonflies"
"Ophiogomphus cecilia","Green Gomphid","Gomphidae","Dragonflies"
"Onychogomphus forcipatus","Small Pincertail","Gomphidae","Dragonflies"
"Gomphus schneiderii","Turkish Clubtail","Gomphidae","Dragonflies"
"Gomphus flavipes","Yellow-Legged Club-Tail","Gomphidae","Dragonflies"
"Cordulegaster heros","Balkan Goldenring","Cordulegastridae","Dragonflies"
"Cordulegaster insignis","Blue-Eyed Goldenring","Cordulegastridae","Dragonflies"
"Cordulegaster helladica","Greek Goldenring","Cordulegastridae","Dragonflies"
"Cordulegaster bidentata","Sombre Goldenring","Cordulegastridae","Dragonflies"
"Cordulegaster picta","Turkish Goldenring","Cordulegastridae","Dragonflies"
"Somatochlora meridionalis","Balkan Emerald","Corduliidae","Dragonflies"
"Somatochlora metallica","Brilliant Emerald","Corduliidae","Dragonflies"
"Somatochlora borisi","Bulgarian Emerald","Corduliidae","Dragonflies"
"Aeshna cyanea","Southern Hawker","Aeshnidae","Dragonflies"
"Calopteryx virgo","Beautiful Demoiselle","Calopterygidae","Dragonflies"
"Epallage fatime","Odalisque","Euphaeidae","Dragonflies"
"Lestes macrostigma","Dark Emerald Damselfly","Lestidae","Dragonflies"
"Lestes parvidens","Eastern Willow Spreadwing","Lestidae","Dragonflies"
"Lestes sponsa","Emerald Damselfly","Lestidae","Dragonflies"
"Lestes dryas","Scarce Emerald Damselfly","Lestidae","Dragonflies"
"Lestes virens","Small Emerald Damselfly","Lestidae","Dragonflies"
"Lestes barbarus","Southern Emerald Damselfly","Lestidae","Dragonflies"
"Lestes viridis","Willow Emerald Damselfly","Lestidae","Dragonflies"
"Sympecma fusca","Winter Damselfly","Lestidae","Dragonflies"
"Coenagrion puella","Azure Damselfly","Coenagrionidae","Dragonflies"
"Ischnura elegans","Blue-Tailed Damselfly","Coenagrionidae","Dragonflies"
"Coenagrion intermedium","Cretan Bluet","Coenagrionidae","Dragonflies"
"Coenagrion scitulum","Dainty Damselfly","Coenagrionidae","Dragonflies"
"Erythromma lindenii","Goblet-Marked Damselfly","Coenagrionidae","Dragonflies"
"Pyrrhosoma elisabethae","Greek Red Damsel","Coenagrionidae","Dragonflies"
"Pyrrhosoma nymphula","Large Red Damselfly","Coenagrionidae","Dragonflies"
"Orthetrum albistylum","White-Tailed Skimmer","Libellulidae","Dragonflies"
"Pantala flavescens","Wandering Glider","Libellulidae","Dragonflies"
"Trithemis annulata","Violet-Marked Darter","Libellulidae","Dragonflies"
"Sympetrum vulgatum","Vagrant Darter","Libellulidae","Dragonflies"
"Sympetrum depressiusculum","Spotted Darter","Libellulidae","Dragonflies"
"Orthetrum brunneum","Southern Skimmer","Libellulidae","Dragonflies"
"Sympetrum meridionale","Southern Darter","Libellulidae","Dragonflies"
"Orthetrum taeniolatum","Small Skimmer","Libellulidae","Dragonflies"
"Orthetrum sabina","Slender Skimmer","Libellulidae","Dragonflies"
"Crocothemis erythraea","Scarlet Darter","Libellulidae","Dragonflies"
"Libellula fulva","Scarce Chaser","Libellulidae","Dragonflies"
"Sympetrum sanguineum","Ruddy Darter","Libellulidae","Dragonflies"
"Sympetrum fonscolombii","Red-Veined Darter","Libellulidae","Dragonflies"
"Orthetrum coerulescens","Keeled Skimmer","Libellulidae","Dragonflies"
"Trithemis festiva","Indigo Dropwing","Libellulidae","Dragonflies"
"Libellula quadrimaculata","Four-Spotted Chaser","Libellulidae","Dragonflies"
"Orthetrum chrysostigma","Epaulet Skimmer","Libellulidae","Dragonflies"
"Sympetrum striolatum","Common Darter","Libellulidae","Dragonflies"
"Libellula depressa","Broad-Bodied Chaser","Libellulidae","Dragonflies"
"Orthetrum cancellatum","Black-Tailed Skimmer","Libellulidae","Dragonflies"
"Diplacodes lefebvrii","Black Percher","Libellulidae","Dragonflies"
"Selysiothemis nigra","Black Pennant","Libellulidae","Dragonflies"
"Sympetrum pedemontanum","Banded Darter","Libellulidae","Dragonflies"
"Somatochlora flavomaculata","Yellow-Spotted Emerald","Corduliidae","Dragonflies"
"Cordulia aenea","Downy Emerald","Corduliidae","Dragonflies"
"Coenagrion hastulatum","Northern Damselfly","Coenagrionidae","Dragonflies"
"Coenagrion ornatum","Ornate Bluet","Coenagrionidae","Dragonflies"
"Erythromma najas","Red-Eyed Damselfly","Coenagrionidae","Dragonflies"
"Ischnura pumilio","Scarce Blue-Tailed Damselfly","Coenagrionidae","Dragonflies"
"Erythromma viridulum","Small Red-Eyed Damselfly","Coenagrionidae","Dragonflies"
"Ceriagrion georgifreyi","Turkish Red Damsel","Coenagrionidae","Dragonflies"
"Coenagrion pulchellum","Variable Damselfly","Coenagrionidae","Dragonflies"
"Platycnemis pennipes","White-Legged Damselfly","Platycnemididae","Dragonflies"
"Aeshna juncea","Common Hawker","Aeshnidae","Dragonflies"
"Caliaeschna microstigma","Eastern Spectre","Aeshnidae","Dragonflies"
"Anax imperator","Emperor Dragonfly","Aeshnidae","Dragonflies"
"Aeshna isoceles","Green-Eyed Hawker","Aeshnidae","Dragonflies"
"Brachytron pratense","Hairy Dragonfly","Aeshnidae","Dragonflies"
"Anax parthenope","Lesser Emperor","Aeshnidae","Dragonflies"
"Anax immaculifrons","Magnificent Emperor","Aeshnidae","Dragonflies"
"Aeshna mixta","Migrant Hawker","Aeshnidae","Dragonflies"
"Aeshna affinis","Southern Migrant Hawker","Aeshnidae","Dragonflies"
"Anax ephippiger","Vagrant Emperor Dragonfly","Aeshnidae","Dragonflies"
"Lindenia tetraphylla","Bladetail","Gomphidae","Dragonflies"
"Calopteryx splendens","Banded Demoiselle","Calopterygidae","Dragonflies"
"Sympetrum flaveolum","Yellow-Winged Darter","Libellulidae","Dragonflies"
"Pinus heldreichii","Bosnian Pine","Pinaceae","Conifers"
"Abies borisii-regis","Bulgarian Fir","Pinaceae","Conifers"
"Pinus brutia","Calabrian Pine","Pinaceae","Conifers"
"Abies nordmanniana","Caucasian Fir","Pinaceae","Conifers"
"Juniperus drupacea","Syrian Juniper","Cupressaceae","Conifers"
"Pinus pinea","Stone Pine","Pinaceae","Conifers"
"Juniperus foetidissima","Stinking Juniper","Cupressaceae","Conifers"
"Abies alba","Silver Fir","Pinaceae","Conifers"
"Pinus sylvestris","Scots Pine","Pinaceae","Conifers"
"Juniperus sabina","Savin Juniper","Cupressaceae","Conifers"
"Pinus halepensis","Aleppo Pine","Pinaceae","Conifers"
"Juniperus phoenicea","Phoenician Juniper","Cupressaceae","Conifers"
"Picea abies","Norway Spruce","Pinaceae","Conifers"
"Taxus baccata","English Yew","Taxaceae","Conifers"
"Cupressus sempervirens","Mediterranean Cypress","Cupressaceae","Conifers"
"Pinus peuce","Macedonian Pine","Pinaceae","Conifers"
"Juniperus excelsa","Greek Juniper","Cupressaceae","Conifers"
"Abies cephalonica","Grecian Fir","Pinaceae","Conifers"
"Pinus nigra","European Black Pine","Pinaceae","Conifers"
"Juniperus communis","Common Juniper","Cupressaceae","Conifers"
"Juniperus oxycedrus","Prickly Juniper","Cupressaceae","Conifers"
